"id","city_id:id","name","code"
corregimiento_pa_1-1-1,odoopanama_org_vat.district_pa_1-1,"BOCAS DEL TORO (CABECERA)","1-1-1"
corregimiento_pa_1-1-2,odoopanama_org_vat.district_pa_1-1,"BASTIMENTOS","1-1-2"
corregimiento_pa_1-1-3,odoopanama_org_vat.district_pa_1-1,"CAUCHERO","1-1-3"
corregimiento_pa_1-1-4,odoopanama_org_vat.district_pa_1-1,"PUNTA LAUREL","1-1-4"
corregimiento_pa_1-1-5,odoopanama_org_vat.district_pa_1-1,"TIERRA OSCURA","1-1-5"
corregimiento_pa_1-2-1,odoopanama_org_vat.district_pa_1-2,"CHANGUINOLA (CABECERA)","1-2-1"
corregimiento_pa_1-2-2,odoopanama_org_vat.district_pa_1-2,"ALMIRANTE","1-2-2"
corregimiento_pa_1-2-3,odoopanama_org_vat.district_pa_1-2,"GUABITO","1-2-3"
corregimiento_pa_1-2-4,odoopanama_org_vat.district_pa_1-2,"TERIBE","1-2-4"
corregimiento_pa_1-2-5,odoopanama_org_vat.district_pa_1-2,"VALLE DEL RISCO","1-2-5"
corregimiento_pa_1-2-6,odoopanama_org_vat.district_pa_1-2,"EL EMPALME","1-2-6"
corregimiento_pa_1-2-7,odoopanama_org_vat.district_pa_1-2,"LAS TABLAS","1-2-7"
corregimiento_pa_1-3-1,odoopanama_org_vat.district_pa_1-3,"CHIRIQUI GRANDE (CABECERA)","1-3-1"
corregimiento_pa_1-3-2,odoopanama_org_vat.district_pa_1-3,"MIRAMAR","1-3-2"
corregimiento_pa_1-3-3,odoopanama_org_vat.district_pa_1-3,"PUNTA PEÑA","1-3-3"
corregimiento_pa_1-3-4,odoopanama_org_vat.district_pa_1-3,"PUNTA ROBALO","1-3-4"
corregimiento_pa_1-3-5,odoopanama_org_vat.district_pa_1-3,"RAMBALA","1-3-5"
corregimiento_pa_2-1-1,odoopanama_org_vat.district_pa_2-1,"AGUADULCE (CABECERA)","2-1-1"
corregimiento_pa_2-1-2,odoopanama_org_vat.district_pa_2-1,"EL CRISTO","2-1-2"
corregimiento_pa_2-1-3,odoopanama_org_vat.district_pa_2-1,"EL ROBLE","2-1-3"
corregimiento_pa_2-1-4,odoopanama_org_vat.district_pa_2-1,"POCRI","2-1-4"
corregimiento_pa_2-1-5,odoopanama_org_vat.district_pa_2-1,"BARRIOS UNIDOS","2-1-5"
corregimiento_pa_2-2-1,odoopanama_org_vat.district_pa_2-2,"ANTON (CABECERA)","2-2-1"
corregimiento_pa_2-2-2,odoopanama_org_vat.district_pa_2-2,"CABUYA","2-2-2"
corregimiento_pa_2-2-3,odoopanama_org_vat.district_pa_2-2,"EL CHIRU","2-2-3"
corregimiento_pa_2-2-4,odoopanama_org_vat.district_pa_2-2,"EL RETIRO","2-2-4"
corregimiento_pa_2-2-5,odoopanama_org_vat.district_pa_2-2,"EL VALLE","2-2-5"
corregimiento_pa_2-2-6,odoopanama_org_vat.district_pa_2-2,"JUAN DIAZ","2-2-6"
corregimiento_pa_2-2-7,odoopanama_org_vat.district_pa_2-2,"RIO HATO","2-2-7"
corregimiento_pa_2-2-8,odoopanama_org_vat.district_pa_2-2,"SAN JUAN DE DIOS","2-2-8"
corregimiento_pa_2-2-9,odoopanama_org_vat.district_pa_2-2,"SANTA RITA","2-2-9"
corregimiento_pa_2-2-10,odoopanama_org_vat.district_pa_2-2,"CABALLERO","2-2-10"
corregimiento_pa_2-3-1,odoopanama_org_vat.district_pa_2-3,"LA PINTADA (CABECERA)","2-3-1"
corregimiento_pa_2-3-2,odoopanama_org_vat.district_pa_2-3,"EL HARINO","2-3-2"
corregimiento_pa_2-3-3,odoopanama_org_vat.district_pa_2-3,"EL POTRERO","2-3-3"
corregimiento_pa_2-3-4,odoopanama_org_vat.district_pa_2-3,"LLANO GRANDE","2-3-4"
corregimiento_pa_2-3-5,odoopanama_org_vat.district_pa_2-3,"PIEDRAS GORDAS","2-3-5"
corregimiento_pa_2-3-6,odoopanama_org_vat.district_pa_2-3,"LAS LOMAS","2-3-6"
corregimiento_pa_2-4-1,odoopanama_org_vat.district_pa_2-4,"NATA (CABECERA)","2-4-1"
corregimiento_pa_2-4-2,odoopanama_org_vat.district_pa_2-4,"CAPELLANIA","2-4-2"
corregimiento_pa_2-4-3,odoopanama_org_vat.district_pa_2-4,"EL CAÑO","2-4-3"
corregimiento_pa_2-4-4,odoopanama_org_vat.district_pa_2-4,"GUZMAN","2-4-4"
corregimiento_pa_2-4-5,odoopanama_org_vat.district_pa_2-4,"LAS HUACAS","2-4-5"
corregimiento_pa_2-4-6,odoopanama_org_vat.district_pa_2-4,"TOZA","2-4-6"
corregimiento_pa_2-5-1,odoopanama_org_vat.district_pa_2-5,"OLA (CABECERA)","2-5-1"
corregimiento_pa_2-5-2,odoopanama_org_vat.district_pa_2-5,"EL COPE","2-5-2"
corregimiento_pa_2-5-3,odoopanama_org_vat.district_pa_2-5,"EL PALMAR","2-5-3"
corregimiento_pa_2-5-4,odoopanama_org_vat.district_pa_2-5,"EL PICACHO","2-5-4"
corregimiento_pa_2-5-5,odoopanama_org_vat.district_pa_2-5,"LA PAVA","2-5-5"
corregimiento_pa_2-6-1,odoopanama_org_vat.district_pa_2-6,"PENONOME (CABECERA)","2-6-1"
corregimiento_pa_2-6-2,odoopanama_org_vat.district_pa_2-6,"CAÑAVERAL","2-6-2"
corregimiento_pa_2-6-3,odoopanama_org_vat.district_pa_2-6,"COCLE","2-6-3"
corregimiento_pa_2-6-4,odoopanama_org_vat.district_pa_2-6,"CHIGUIRI ARRIBA","2-6-4"
corregimiento_pa_2-6-5,odoopanama_org_vat.district_pa_2-6,"EL COCO","2-6-5"
corregimiento_pa_2-6-6,odoopanama_org_vat.district_pa_2-6,"PAJONAL","2-6-6"
corregimiento_pa_2-6-7,odoopanama_org_vat.district_pa_2-6,"RIO GRANDE","2-6-7"
corregimiento_pa_2-6-8,odoopanama_org_vat.district_pa_2-6,"RIO INDIO","2-6-8"
corregimiento_pa_2-6-9,odoopanama_org_vat.district_pa_2-6,"TOABRE","2-6-9"
corregimiento_pa_2-6-10,odoopanama_org_vat.district_pa_2-6,"TULU","2-6-10"
corregimiento_pa_3-1-1,odoopanama_org_vat.district_pa_3-1,"BARRIO NORTE","3-1-1"
corregimiento_pa_3-1-2,odoopanama_org_vat.district_pa_3-1,"BARRIO SUR","3-1-2"
corregimiento_pa_3-1-3,odoopanama_org_vat.district_pa_3-1,"BUENA VISTA","3-1-3"
corregimiento_pa_3-1-4,odoopanama_org_vat.district_pa_3-1,"CATIVA","3-1-4"
corregimiento_pa_3-1-5,odoopanama_org_vat.district_pa_3-1,"CIRICITO","3-1-5"
corregimiento_pa_3-1-6,odoopanama_org_vat.district_pa_3-1,"CRISTOBAL","3-1-6"
corregimiento_pa_3-1-7,odoopanama_org_vat.district_pa_3-1,"ESCOBAL","3-1-7"
corregimiento_pa_3-1-8,odoopanama_org_vat.district_pa_3-1,"LIMON","3-1-8"
corregimiento_pa_3-1-9,odoopanama_org_vat.district_pa_3-1,"NUEVA PROVIDENCIA","3-1-9"
corregimiento_pa_3-1-10,odoopanama_org_vat.district_pa_3-1,"PUERTO PILON","3-1-10"
corregimiento_pa_3-1-11,odoopanama_org_vat.district_pa_3-1,"SABANITAS","3-1-11"
corregimiento_pa_3-1-12,odoopanama_org_vat.district_pa_3-1,"SALAMANCA","3-1-12"
corregimiento_pa_3-1-13,odoopanama_org_vat.district_pa_3-1,"SAN JUAN","3-1-13"
corregimiento_pa_3-1-14,odoopanama_org_vat.district_pa_3-1,"SANTA ROSA","3-1-14"
corregimiento_pa_3-2-1,odoopanama_org_vat.district_pa_3-2,"NUEVO CHAGRES (CABECERA)","3-2-1"
corregimiento_pa_3-2-2,odoopanama_org_vat.district_pa_3-2,"ACHIOTE","3-2-2"
corregimiento_pa_3-2-3,odoopanama_org_vat.district_pa_3-2,"EL GUABO","3-2-3"
corregimiento_pa_3-2-4,odoopanama_org_vat.district_pa_3-2,"LA ENCANTADA","3-2-4"
corregimiento_pa_3-2-5,odoopanama_org_vat.district_pa_3-2,"PALMAS BELLAS","3-2-5"
corregimiento_pa_3-2-6,odoopanama_org_vat.district_pa_3-2,"PIÑA","3-2-6"
corregimiento_pa_3-2-7,odoopanama_org_vat.district_pa_3-2,"SALUD","3-2-7"
corregimiento_pa_3-3-1,odoopanama_org_vat.district_pa_3-3,"MIGUEL DE LA BORDA (CABECERA)","3-3-1"
corregimiento_pa_3-3-2,odoopanama_org_vat.district_pa_3-3,"COCLE DEL NORTE","3-3-2"
corregimiento_pa_3-3-3,odoopanama_org_vat.district_pa_3-3,"EL GUASIMO","3-3-3"
corregimiento_pa_3-3-4,odoopanama_org_vat.district_pa_3-3,"GOBEA","3-3-4"
corregimiento_pa_3-3-5,odoopanama_org_vat.district_pa_3-3,"RIO INDIO","3-3-5"
corregimiento_pa_3-3-6,odoopanama_org_vat.district_pa_3-3,"SAN JOSE DEL GENERAL","3-3-6"
corregimiento_pa_3-4-1,odoopanama_org_vat.district_pa_3-4,"PORTOBELO (CABECERA)","3-4-1"
corregimiento_pa_3-4-2,odoopanama_org_vat.district_pa_3-4,"CACIQUE","3-4-2"
corregimiento_pa_3-4-3,odoopanama_org_vat.district_pa_3-4,"GARROTE","3-4-3"
corregimiento_pa_3-4-4,odoopanama_org_vat.district_pa_3-4,"ISLA GRANDE","3-4-4"
corregimiento_pa_3-4-5,odoopanama_org_vat.district_pa_3-4,"MARIA CHIQUITA","3-4-5"
corregimiento_pa_3-5-1,odoopanama_org_vat.district_pa_3-5,"PALENQUE (CABECERA)","3-5-1"
corregimiento_pa_3-5-2,odoopanama_org_vat.district_pa_3-5,"CUANGO","3-5-2"
corregimiento_pa_3-5-3,odoopanama_org_vat.district_pa_3-5,"MIRAMAR","3-5-3"
corregimiento_pa_3-5-4,odoopanama_org_vat.district_pa_3-5,"NOMBRE DE DIOS","3-5-4"
corregimiento_pa_3-5-5,odoopanama_org_vat.district_pa_3-5,"PALMIRA","3-5-5"
corregimiento_pa_3-5-6,odoopanama_org_vat.district_pa_3-5,"PLAYA CHIQUITA","3-5-6"
corregimiento_pa_3-5-7,odoopanama_org_vat.district_pa_3-5,"SANTA ISABEL","3-5-7"
corregimiento_pa_3-5-8,odoopanama_org_vat.district_pa_3-5,"VIENTO FRIO","3-5-8"
corregimiento_pa_4-1-1,odoopanama_org_vat.district_pa_4-1,"ALANJE (CABECERA)","4-1-1"
corregimiento_pa_4-1-2,odoopanama_org_vat.district_pa_4-1,"DIVALA","4-1-2"
corregimiento_pa_4-1-3,odoopanama_org_vat.district_pa_4-1,"EL TEJAR","4-1-3"
corregimiento_pa_4-1-4,odoopanama_org_vat.district_pa_4-1,"GUARUMAL","4-1-4"
corregimiento_pa_4-1-5,odoopanama_org_vat.district_pa_4-1,"PALO GRANDE","4-1-5"
corregimiento_pa_4-1-6,odoopanama_org_vat.district_pa_4-1,"QUEREVALO","4-1-6"
corregimiento_pa_4-1-7,odoopanama_org_vat.district_pa_4-1,"SANTO TOMAS","4-1-7"
corregimiento_pa_4-1-8,odoopanama_org_vat.district_pa_4-1,"CANTA GALLO","4-1-8"
corregimiento_pa_4-1-9,odoopanama_org_vat.district_pa_4-1,"NUEVO MEXICO","4-1-9"
corregimiento_pa_4-2-1,odoopanama_org_vat.district_pa_4-2,"PUERTO ARMUELLES (CABECERA)","4-2-1"
corregimiento_pa_4-2-2,odoopanama_org_vat.district_pa_4-2,"LIMONES","4-2-2"
corregimiento_pa_4-2-3,odoopanama_org_vat.district_pa_4-2,"PROGRESO","4-2-3"
corregimiento_pa_4-2-4,odoopanama_org_vat.district_pa_4-2,"BACO","4-2-4"
corregimiento_pa_4-2-5,odoopanama_org_vat.district_pa_4-2,"RODOLFO AGUILAR DELGADO","4-2-5"
corregimiento_pa_4-3-1,odoopanama_org_vat.district_pa_4-3,"BOQUERON (CABECERA)","4-3-1"
corregimiento_pa_4-3-2,odoopanama_org_vat.district_pa_4-3,"BAGALA","4-3-2"
corregimiento_pa_4-3-3,odoopanama_org_vat.district_pa_4-3,"CORDILLERA","4-3-3"
corregimiento_pa_4-3-4,odoopanama_org_vat.district_pa_4-3,"GUABAL","4-3-4"
corregimiento_pa_4-3-5,odoopanama_org_vat.district_pa_4-3,"GUAYABAL","4-3-5"
corregimiento_pa_4-3-6,odoopanama_org_vat.district_pa_4-3,"PARAISO","4-3-6"
corregimiento_pa_4-3-7,odoopanama_org_vat.district_pa_4-3,"PEDREGAL","4-3-7"
corregimiento_pa_4-3-8,odoopanama_org_vat.district_pa_4-3,"TIJERAS","4-3-8"
corregimiento_pa_4-4-1,odoopanama_org_vat.district_pa_4-4,"BAJO BOQUETE (CABECERA)","4-4-1"
corregimiento_pa_4-4-2,odoopanama_org_vat.district_pa_4-4,"CALDERA","4-4-2"
corregimiento_pa_4-4-3,odoopanama_org_vat.district_pa_4-4,"PALMIRA","4-4-3"
corregimiento_pa_4-4-4,odoopanama_org_vat.district_pa_4-4,"ALTO BOQUETE","4-4-4"
corregimiento_pa_4-4-5,odoopanama_org_vat.district_pa_4-4,"JARAMILLO","4-4-5"
corregimiento_pa_4-4-6,odoopanama_org_vat.district_pa_4-4,"LOS NARANJOS","4-4-6"
corregimiento_pa_4-5-1,odoopanama_org_vat.district_pa_4-5,"LA CONCEPCION (CABECERA)","4-5-1"
corregimiento_pa_4-5-2,odoopanama_org_vat.district_pa_4-5,"ASERRIO DE GARICHE","4-5-2"
corregimiento_pa_4-5-3,odoopanama_org_vat.district_pa_4-5,"BUGABA","4-5-3"
corregimiento_pa_4-5-4,odoopanama_org_vat.district_pa_4-5,"CERRO PUNTA","4-5-4"
corregimiento_pa_4-5-5,odoopanama_org_vat.district_pa_4-5,"GOMEZ","4-5-5"
corregimiento_pa_4-5-6,odoopanama_org_vat.district_pa_4-5,"LA ESTRELLA","4-5-6"
corregimiento_pa_4-5-7,odoopanama_org_vat.district_pa_4-5,"SAN ANDRES","4-5-7"
corregimiento_pa_4-5-8,odoopanama_org_vat.district_pa_4-5,"SANTA MARTA","4-5-8"
corregimiento_pa_4-5-9,odoopanama_org_vat.district_pa_4-5,"SANTA ROSA","4-5-9"
corregimiento_pa_4-5-10,odoopanama_org_vat.district_pa_4-5,"SANTO DOMINGO","4-5-10"
corregimiento_pa_4-5-11,odoopanama_org_vat.district_pa_4-5,"SORTOVA","4-5-11"
corregimiento_pa_4-5-12,odoopanama_org_vat.district_pa_4-5,"VOLCAN","4-5-12"
corregimiento_pa_4-5-13,odoopanama_org_vat.district_pa_4-5,"EL BONGO","4-5-13"
corregimiento_pa_4-6-1,odoopanama_org_vat.district_pa_4-6,"DAVID (CABECERA)","4-6-1"
corregimiento_pa_4-6-2,odoopanama_org_vat.district_pa_4-6,"BIJAGUAL","4-6-2"
corregimiento_pa_4-6-3,odoopanama_org_vat.district_pa_4-6,"COCHEA","4-6-3"
corregimiento_pa_4-6-4,odoopanama_org_vat.district_pa_4-6,"CHIRIQUI","4-6-4"
corregimiento_pa_4-6-5,odoopanama_org_vat.district_pa_4-6,"GUACA","4-6-5"
corregimiento_pa_4-6-6,odoopanama_org_vat.district_pa_4-6,"LAS LOMAS","4-6-6"
corregimiento_pa_4-6-7,odoopanama_org_vat.district_pa_4-6,"PEDREGAL","4-6-7"
corregimiento_pa_4-6-8,odoopanama_org_vat.district_pa_4-6,"SAN CARLOS","4-6-8"
corregimiento_pa_4-6-9,odoopanama_org_vat.district_pa_4-6,"SAN PABLO NUEVO","4-6-9"
corregimiento_pa_4-6-10,odoopanama_org_vat.district_pa_4-6,"SAN PABLO VIEJO","4-6-10"
corregimiento_pa_4-7-1,odoopanama_org_vat.district_pa_4-7,"DOLEGA (CABECERA)","4-7-1"
corregimiento_pa_4-7-2,odoopanama_org_vat.district_pa_4-7,"DOS RIOS","4-7-2"
corregimiento_pa_4-7-3,odoopanama_org_vat.district_pa_4-7,"LOS ANASTACIOS","4-7-3"
corregimiento_pa_4-7-4,odoopanama_org_vat.district_pa_4-7,"POTRERILLOS","4-7-4"
corregimiento_pa_4-7-5,odoopanama_org_vat.district_pa_4-7,"POTRERILLOS ABAJO","4-7-5"
corregimiento_pa_4-7-6,odoopanama_org_vat.district_pa_4-7,"ROVIRA","4-7-6"
corregimiento_pa_4-7-7,odoopanama_org_vat.district_pa_4-7,"TINAJAS","4-7-7"
corregimiento_pa_4-7-8,odoopanama_org_vat.district_pa_4-7,"LOS ALGARRROBOS","4-7-8"
corregimiento_pa_4-8-1,odoopanama_org_vat.district_pa_4-8,"GUALACA (CABECERA)","4-8-1"
corregimiento_pa_4-8-2,odoopanama_org_vat.district_pa_4-8,"HORNITO","4-8-2"
corregimiento_pa_4-8-3,odoopanama_org_vat.district_pa_4-8,"LOS ANGELES","4-8-3"
corregimiento_pa_4-8-4,odoopanama_org_vat.district_pa_4-8,"PAJA DE SOMBRERO","4-8-4"
corregimiento_pa_4-8-5,odoopanama_org_vat.district_pa_4-8,"RINCON","4-8-5"
corregimiento_pa_4-9-1,odoopanama_org_vat.district_pa_4-9,"REMEDIOS (CABECERA)","4-9-1"
corregimiento_pa_4-9-2,odoopanama_org_vat.district_pa_4-9,"EL NANCITO","4-9-2"
corregimiento_pa_4-9-3,odoopanama_org_vat.district_pa_4-9,"EL PORVENIR","4-9-3"
corregimiento_pa_4-9-4,odoopanama_org_vat.district_pa_4-9,"EL PUERTO","4-9-4"
corregimiento_pa_4-9-5,odoopanama_org_vat.district_pa_4-9,"SANTA LUCIA","4-9-5"
corregimiento_pa_4-10-1,odoopanama_org_vat.district_pa_4-10,"RIO SERENO (CABECERA)","4-10-1"
corregimiento_pa_4-10-2,odoopanama_org_vat.district_pa_4-10,"BREÑON","4-10-2"
corregimiento_pa_4-10-3,odoopanama_org_vat.district_pa_4-10,"CAÑAS GORDAS","4-10-3"
corregimiento_pa_4-10-4,odoopanama_org_vat.district_pa_4-10,"MONTE LIRIO","4-10-4"
corregimiento_pa_4-10-5,odoopanama_org_vat.district_pa_4-10,"PLAZA CAISAN","4-10-5"
corregimiento_pa_4-10-6,odoopanama_org_vat.district_pa_4-10,"SANTA CRUZ","4-10-6"
corregimiento_pa_4-10-7,odoopanama_org_vat.district_pa_4-10,"DOMINICAL","4-10-7"
corregimiento_pa_4-10-8,odoopanama_org_vat.district_pa_4-10,"SANTA CLARA","4-10-8"
corregimiento_pa_4-11-1,odoopanama_org_vat.district_pa_4-11,"LAS LAJAS (CABECERA)","4-11-1"
corregimiento_pa_4-11-2,odoopanama_org_vat.district_pa_4-11,"JUAY","4-11-2"
corregimiento_pa_4-11-3,odoopanama_org_vat.district_pa_4-11,"LAJAS ADENTRO","4-11-3"
corregimiento_pa_4-11-4,odoopanama_org_vat.district_pa_4-11,"SAN FELIX","4-11-4"
corregimiento_pa_4-11-5,odoopanama_org_vat.district_pa_4-11,"SANTA CRUZ","4-11-5"
corregimiento_pa_4-12-1,odoopanama_org_vat.district_pa_4-12,"HORCONCITOS (CABECERA)","4-12-1"
corregimiento_pa_4-12-2,odoopanama_org_vat.district_pa_4-12,"BOCA CHICA","4-12-2"
corregimiento_pa_4-12-3,odoopanama_org_vat.district_pa_4-12,"BOCA DEL MONTE","4-12-3"
corregimiento_pa_4-12-4,odoopanama_org_vat.district_pa_4-12,"SAN JUAN","4-12-4"
corregimiento_pa_4-12-5,odoopanama_org_vat.district_pa_4-12,"SAN LORENZO","4-12-5"
corregimiento_pa_4-13-1,odoopanama_org_vat.district_pa_4-13,"TOLE (CABECERA)","4-13-1"
corregimiento_pa_4-13-2,odoopanama_org_vat.district_pa_4-13,"BELLA VISTA","4-13-2"
corregimiento_pa_4-13-3,odoopanama_org_vat.district_pa_4-13,"CERRO VIEJO","4-13-3"
corregimiento_pa_4-13-4,odoopanama_org_vat.district_pa_4-13,"EL CRISTO","4-13-4"
corregimiento_pa_4-13-5,odoopanama_org_vat.district_pa_4-13,"JUSTO FIDEL PALACIOS","4-13-5"
corregimiento_pa_4-13-6,odoopanama_org_vat.district_pa_4-13,"LAJAS DE TOLE","4-13-6"
corregimiento_pa_4-13-7,odoopanama_org_vat.district_pa_4-13,"POTRERO DE CAÑA","4-13-7"
corregimiento_pa_4-13-8,odoopanama_org_vat.district_pa_4-13,"QUEBRADA DE PIEDRA","4-13-8"
corregimiento_pa_4-13-9,odoopanama_org_vat.district_pa_4-13,"VELADERO","4-13-9"
corregimiento_pa_5-1-1,odoopanama_org_vat.district_pa_5-1,"LA PALMA (CABECERA)","5-1-1"
corregimiento_pa_5-1-2,odoopanama_org_vat.district_pa_5-1,"CAMOGANTI","5-1-2"
corregimiento_pa_5-1-3,odoopanama_org_vat.district_pa_5-1,"CHEPIGANA","5-1-3"
corregimiento_pa_5-1-4,odoopanama_org_vat.district_pa_5-1,"GARACHINE","5-1-4"
corregimiento_pa_5-1-5,odoopanama_org_vat.district_pa_5-1,"JAQUE","5-1-5"
corregimiento_pa_5-1-6,odoopanama_org_vat.district_pa_5-1,"PUERTO PIÑA","5-1-6"
corregimiento_pa_5-1-7,odoopanama_org_vat.district_pa_5-1,"RIO CONGO","5-1-7"
corregimiento_pa_5-1-8,odoopanama_org_vat.district_pa_5-1,"RIO IGLESIAS","5-1-8"
corregimiento_pa_5-1-9,odoopanama_org_vat.district_pa_5-1,"SAMBU","5-1-9"
corregimiento_pa_5-1-10,odoopanama_org_vat.district_pa_5-1,"SETEGANTI","5-1-10"
corregimiento_pa_5-1-11,odoopanama_org_vat.district_pa_5-1,"TAIMATI","5-1-11"
corregimiento_pa_5-1-12,odoopanama_org_vat.district_pa_5-1,"TUCUTI","5-1-12"
corregimiento_pa_5-1-13,odoopanama_org_vat.district_pa_5-1,"AGUA FRIA","5-1-13"
corregimiento_pa_5-1-14,odoopanama_org_vat.district_pa_5-1,"CUCUNATI","5-1-14"
corregimiento_pa_5-1-15,odoopanama_org_vat.district_pa_5-1,"RIO CONGO ARRIBA","5-1-15"
corregimiento_pa_5-1-16,odoopanama_org_vat.district_pa_5-1,"SANTA FE","5-1-16"
corregimiento_pa_5-2-1,odoopanama_org_vat.district_pa_5-2,"EL REAL DE SANTA MARIA (CABECERA)","5-2-1"
corregimiento_pa_5-2-2,odoopanama_org_vat.district_pa_5-2,"BOCA DE CUPE","5-2-2"
corregimiento_pa_5-2-3,odoopanama_org_vat.district_pa_5-2,"PAYA","5-2-3"
corregimiento_pa_5-2-4,odoopanama_org_vat.district_pa_5-2,"PINOGANA","5-2-4"
corregimiento_pa_5-2-5,odoopanama_org_vat.district_pa_5-2,"PUCURO","5-2-5"
corregimiento_pa_5-2-6,odoopanama_org_vat.district_pa_5-2,"YAPE","5-2-6"
corregimiento_pa_5-2-7,odoopanama_org_vat.district_pa_5-2,"YAVIZA","5-2-7"
corregimiento_pa_5-2-8,odoopanama_org_vat.district_pa_5-2,"METETI","5-2-8"
corregimiento_pa_5-2-9,odoopanama_org_vat.district_pa_5-2,"COMARCA KUNA DE WARGANDI","5-2-9"
corregimiento_pa_6-1-1,odoopanama_org_vat.district_pa_6-1,"CHITRE (CABECERA)","6-1-1"
corregimiento_pa_6-1-2,odoopanama_org_vat.district_pa_6-1,"LA ARENA","6-1-2"
corregimiento_pa_6-1-3,odoopanama_org_vat.district_pa_6-1,"MONAGRILLO","6-1-3"
corregimiento_pa_6-1-4,odoopanama_org_vat.district_pa_6-1,"LLANO BONITO","6-1-4"
corregimiento_pa_6-1-5,odoopanama_org_vat.district_pa_6-1,"SAN JUAN BAUTISTA","6-1-5"
corregimiento_pa_6-2-1,odoopanama_org_vat.district_pa_6-2,"LAS MINAS (CABECERA)","6-2-1"
corregimiento_pa_6-2-2,odoopanama_org_vat.district_pa_6-2,"CHEPO","6-2-2"
corregimiento_pa_6-2-3,odoopanama_org_vat.district_pa_6-2,"CHUMICAL","6-2-3"
corregimiento_pa_6-2-4,odoopanama_org_vat.district_pa_6-2,"EL TORO","6-2-4"
corregimiento_pa_6-2-5,odoopanama_org_vat.district_pa_6-2,"LEONES","6-2-5"
corregimiento_pa_6-2-6,odoopanama_org_vat.district_pa_6-2,"QUEBRADA DEL ROSARIO","6-2-6"
corregimiento_pa_6-2-7,odoopanama_org_vat.district_pa_6-2,"QUEBRADA EL CIPRIAN","6-2-7"
corregimiento_pa_6-3-1,odoopanama_org_vat.district_pa_6-3,"LOS POZOS (CABECERA)","6-3-1"
corregimiento_pa_6-3-2,odoopanama_org_vat.district_pa_6-3,"CAPURI","6-3-2"
corregimiento_pa_6-3-3,odoopanama_org_vat.district_pa_6-3,"EL CALABACITO","6-3-3"
corregimiento_pa_6-3-4,odoopanama_org_vat.district_pa_6-3,"EL CEDRO","6-3-4"
corregimiento_pa_6-3-5,odoopanama_org_vat.district_pa_6-3,"LA ARENA","6-3-5"
corregimiento_pa_6-3-6,odoopanama_org_vat.district_pa_6-3,"LA PITALOSA","6-3-6"
corregimiento_pa_6-3-7,odoopanama_org_vat.district_pa_6-3,"LOS CERRITOS","6-3-7"
corregimiento_pa_6-3-8,odoopanama_org_vat.district_pa_6-3,"LOS CERROS DE PAJA","6-3-8"
corregimiento_pa_6-3-9,odoopanama_org_vat.district_pa_6-3,"LAS LLANAS","6-3-9"
corregimiento_pa_6-4-1,odoopanama_org_vat.district_pa_6-4,"OCU (CABECERA)","6-4-1"
corregimiento_pa_6-4-2,odoopanama_org_vat.district_pa_6-4,"CERRO LARGO","6-4-2"
corregimiento_pa_6-4-3,odoopanama_org_vat.district_pa_6-4,"LOS LLANOS","6-4-3"
corregimiento_pa_6-4-4,odoopanama_org_vat.district_pa_6-4,"LLANO GRANDE","6-4-4"
corregimiento_pa_6-4-5,odoopanama_org_vat.district_pa_6-4,"PEÑAS CHATAS","6-4-5"
corregimiento_pa_6-4-6,odoopanama_org_vat.district_pa_6-4,"EL TIJERA","6-4-6"
corregimiento_pa_6-4-7,odoopanama_org_vat.district_pa_6-4,"MENCHACA","6-4-7"
corregimiento_pa_6-5-1,odoopanama_org_vat.district_pa_6-5,"PARITA (CABECERA)","6-5-1"
corregimiento_pa_6-5-2,odoopanama_org_vat.district_pa_6-5,"CABUYA","6-5-2"
corregimiento_pa_6-5-3,odoopanama_org_vat.district_pa_6-5,"LOS CASTILLOS","6-5-3"
corregimiento_pa_6-5-4,odoopanama_org_vat.district_pa_6-5,"LLANO DE LA CRUZ","6-5-4"
corregimiento_pa_6-5-5,odoopanama_org_vat.district_pa_6-5,"PARIS","6-5-5"
corregimiento_pa_6-5-6,odoopanama_org_vat.district_pa_6-5,"PORTOBELILLO","6-5-6"
corregimiento_pa_6-5-7,odoopanama_org_vat.district_pa_6-5,"POTUGA","6-5-7"
corregimiento_pa_6-6-1,odoopanama_org_vat.district_pa_6-6,"PESE (CABECERA)","6-6-1"
corregimiento_pa_6-6-2,odoopanama_org_vat.district_pa_6-6,"LAS CABRAS","6-6-2"
corregimiento_pa_6-6-3,odoopanama_org_vat.district_pa_6-6,"EL PAJARO","6-6-3"
corregimiento_pa_6-6-4,odoopanama_org_vat.district_pa_6-6,"EL BARRERO","6-6-4"
corregimiento_pa_6-6-5,odoopanama_org_vat.district_pa_6-6,"EL PEDREGOSO","6-6-5"
corregimiento_pa_6-6-6,odoopanama_org_vat.district_pa_6-6,"EL CIRUELO","6-6-6"
corregimiento_pa_6-6-7,odoopanama_org_vat.district_pa_6-6,"SABANAGRANDE","6-6-7"
corregimiento_pa_6-6-8,odoopanama_org_vat.district_pa_6-6,"RINCON HONDO","6-6-8"
corregimiento_pa_6-7-1,odoopanama_org_vat.district_pa_6-7,"SANTA MARIA (CABECERA)","6-7-1"
corregimiento_pa_6-7-2,odoopanama_org_vat.district_pa_6-7,"CHUPAMPA","6-7-2"
corregimiento_pa_6-7-3,odoopanama_org_vat.district_pa_6-7,"EL RINCON","6-7-3"
corregimiento_pa_6-7-4,odoopanama_org_vat.district_pa_6-7,"EL LIMON","6-7-4"
corregimiento_pa_6-7-5,odoopanama_org_vat.district_pa_6-7,"LOS CANELOS","6-7-5"
corregimiento_pa_7-1-1,odoopanama_org_vat.district_pa_7-1,"GUARARE (CABECERA)","7-1-1"
corregimiento_pa_7-1-2,odoopanama_org_vat.district_pa_7-1,"EL ESPINAL","7-1-2"
corregimiento_pa_7-1-3,odoopanama_org_vat.district_pa_7-1,"EL MACANO","7-1-3"
corregimiento_pa_7-1-4,odoopanama_org_vat.district_pa_7-1,"GUARARE ARRIBA","7-1-4"
corregimiento_pa_7-1-5,odoopanama_org_vat.district_pa_7-1,"LA ENEA","7-1-5"
corregimiento_pa_7-1-6,odoopanama_org_vat.district_pa_7-1,"LA PASERA","7-1-6"
corregimiento_pa_7-1-7,odoopanama_org_vat.district_pa_7-1,"LAS TRANCAS","7-1-7"
corregimiento_pa_7-1-8,odoopanama_org_vat.district_pa_7-1,"LLANO ABAJO","7-1-8"
corregimiento_pa_7-1-9,odoopanama_org_vat.district_pa_7-1,"EL HATO","7-1-9"
corregimiento_pa_7-1-10,odoopanama_org_vat.district_pa_7-1,"PERALES","7-1-10"
corregimiento_pa_7-2-1,odoopanama_org_vat.district_pa_7-2,"LAS TABLAS (CABECERA)","7-2-1"
corregimiento_pa_7-2-2,odoopanama_org_vat.district_pa_7-2,"BAJO CORRAL","7-2-2"
corregimiento_pa_7-2-3,odoopanama_org_vat.district_pa_7-2,"BAYANO","7-2-3"
corregimiento_pa_7-2-4,odoopanama_org_vat.district_pa_7-2,"EL CARATE","7-2-4"
corregimiento_pa_7-2-5,odoopanama_org_vat.district_pa_7-2,"EL COCAL","7-2-5"
corregimiento_pa_7-2-6,odoopanama_org_vat.district_pa_7-2,"EL MANANTIAL","7-2-6"
corregimiento_pa_7-2-7,odoopanama_org_vat.district_pa_7-2,"EL MUÑOZ","7-2-7"
corregimiento_pa_7-2-8,odoopanama_org_vat.district_pa_7-2,"EL PEDREGOSO","7-2-8"
corregimiento_pa_7-2-9,odoopanama_org_vat.district_pa_7-2,"LA LAJA","7-2-9"
corregimiento_pa_7-2-10,odoopanama_org_vat.district_pa_7-2,"LA MIEL","7-2-10"
corregimiento_pa_7-2-11,odoopanama_org_vat.district_pa_7-2,"LA PALMA","7-2-11"
corregimiento_pa_7-2-12,odoopanama_org_vat.district_pa_7-2,"LA TIZA","7-2-12"
corregimiento_pa_7-2-13,odoopanama_org_vat.district_pa_7-2,"LAS PALMITAS","7-2-13"
corregimiento_pa_7-2-14,odoopanama_org_vat.district_pa_7-2,"LAS TABLAS ABAJO","7-2-14"
corregimiento_pa_7-2-15,odoopanama_org_vat.district_pa_7-2,"NUARIO","7-2-15"
corregimiento_pa_7-2-16,odoopanama_org_vat.district_pa_7-2,"PALMIRA","7-2-16"
corregimiento_pa_7-2-17,odoopanama_org_vat.district_pa_7-2,"PEÑA BLANCA","7-2-17"
corregimiento_pa_7-2-18,odoopanama_org_vat.district_pa_7-2,"RIO HONDO","7-2-18"
corregimiento_pa_7-2-19,odoopanama_org_vat.district_pa_7-2,"SAN JOSE","7-2-19"
corregimiento_pa_7-2-20,odoopanama_org_vat.district_pa_7-2,"SAN MIGUEL","7-2-20"
corregimiento_pa_7-2-21,odoopanama_org_vat.district_pa_7-2,"SANTO DOMINGO","7-2-21"
corregimiento_pa_7-2-22,odoopanama_org_vat.district_pa_7-2,"SESTEADERO","7-2-22"
corregimiento_pa_7-2-23,odoopanama_org_vat.district_pa_7-2,"VALLE RICO","7-2-23"
corregimiento_pa_7-2-24,odoopanama_org_vat.district_pa_7-2,"VALLERIQUITO","7-2-24"
corregimiento_pa_7-3-1,odoopanama_org_vat.district_pa_7-3,"LA VILLA DE LOS SANTOS (CABECE","7-3-1"
corregimiento_pa_7-3-2,odoopanama_org_vat.district_pa_7-3,"EL GUASIMO","7-3-2"
corregimiento_pa_7-3-3,odoopanama_org_vat.district_pa_7-3,"LA COLORADA","7-3-3"
corregimiento_pa_7-3-4,odoopanama_org_vat.district_pa_7-3,"LA ESPIGADILLA","7-3-4"
corregimiento_pa_7-3-5,odoopanama_org_vat.district_pa_7-3,"LAS CRUCES","7-3-5"
corregimiento_pa_7-3-6,odoopanama_org_vat.district_pa_7-3,"LAS GUABAS","7-3-6"
corregimiento_pa_7-3-7,odoopanama_org_vat.district_pa_7-3,"LOS ANGELES","7-3-7"
corregimiento_pa_7-3-8,odoopanama_org_vat.district_pa_7-3,"LOS OLIVOS","7-3-8"
corregimiento_pa_7-3-9,odoopanama_org_vat.district_pa_7-3,"LLANO LARGO","7-3-9"
corregimiento_pa_7-3-10,odoopanama_org_vat.district_pa_7-3,"SABANAGRANDE","7-3-10"
corregimiento_pa_7-3-11,odoopanama_org_vat.district_pa_7-3,"SANTA ANA","7-3-11"
corregimiento_pa_7-3-12,odoopanama_org_vat.district_pa_7-3,"TRES QUEBRADAS","7-3-12"
corregimiento_pa_7-3-13,odoopanama_org_vat.district_pa_7-3,"AGUA BUENA","7-3-13"
corregimiento_pa_7-3-14,odoopanama_org_vat.district_pa_7-3,"VILLA LOURDES","7-3-14"
corregimiento_pa_7-4-1,odoopanama_org_vat.district_pa_7-4,"MACARACAS (CABECERA)","7-4-1"
corregimiento_pa_7-4-2,odoopanama_org_vat.district_pa_7-4,"BAHIA HONDA","7-4-2"
corregimiento_pa_7-4-3,odoopanama_org_vat.district_pa_7-4,"BAJOS DE GUERA","7-4-3"
corregimiento_pa_7-4-4,odoopanama_org_vat.district_pa_7-4,"COROZAL","7-4-4"
corregimiento_pa_7-4-5,odoopanama_org_vat.district_pa_7-4,"CHUPA","7-4-5"
corregimiento_pa_7-4-6,odoopanama_org_vat.district_pa_7-4,"EL CEDRO","7-4-6"
corregimiento_pa_7-4-7,odoopanama_org_vat.district_pa_7-4,"ESPINO AMARILLO","7-4-7"
corregimiento_pa_7-4-8,odoopanama_org_vat.district_pa_7-4,"LA MESA","7-4-8"
corregimiento_pa_7-4-9,odoopanama_org_vat.district_pa_7-4,"LAS PALMAS","7-4-9"
corregimiento_pa_7-4-10,odoopanama_org_vat.district_pa_7-4,"LLANO DE PIEDRA","7-4-10"
corregimiento_pa_7-4-11,odoopanama_org_vat.district_pa_7-4,"MOGOLLON","7-4-11"
corregimiento_pa_7-5-1,odoopanama_org_vat.district_pa_7-5,"PEDASI (CABECERA)","7-5-1"
corregimiento_pa_7-5-2,odoopanama_org_vat.district_pa_7-5,"LOS ASIENTOS","7-5-2"
corregimiento_pa_7-5-3,odoopanama_org_vat.district_pa_7-5,"MARIABE","7-5-3"
corregimiento_pa_7-5-4,odoopanama_org_vat.district_pa_7-5,"PURIO","7-5-4"
corregimiento_pa_7-5-5,odoopanama_org_vat.district_pa_7-5,"ORIA ARRIBA","7-5-5"
corregimiento_pa_7-6-1,odoopanama_org_vat.district_pa_7-6,"POCRI","7-6-1"
corregimiento_pa_7-6-2,odoopanama_org_vat.district_pa_7-6,"EL CAÑAFISTULO","7-6-2"
corregimiento_pa_7-6-3,odoopanama_org_vat.district_pa_7-6,"LAJAMINA","7-6-3"
corregimiento_pa_7-6-4,odoopanama_org_vat.district_pa_7-6,"PARAISO","7-6-4"
corregimiento_pa_7-6-5,odoopanama_org_vat.district_pa_7-6,"PARITILLA","7-6-5"
corregimiento_pa_7-7-1,odoopanama_org_vat.district_pa_7-7,"TONOSI (CABECERA)","7-7-1"
corregimiento_pa_7-7-2,odoopanama_org_vat.district_pa_7-7,"ALTOS DE GUERA","7-7-2"
corregimiento_pa_7-7-3,odoopanama_org_vat.district_pa_7-7,"CAÑAS","7-7-3"
corregimiento_pa_7-7-4,odoopanama_org_vat.district_pa_7-7,"EL BEBEDERO","7-7-4"
corregimiento_pa_7-7-5,odoopanama_org_vat.district_pa_7-7,"EL CACAO","7-7-5"
corregimiento_pa_7-7-6,odoopanama_org_vat.district_pa_7-7,"EL CORTEZO","7-7-6"
corregimiento_pa_7-7-7,odoopanama_org_vat.district_pa_7-7,"FLORES","7-7-7"
corregimiento_pa_7-7-8,odoopanama_org_vat.district_pa_7-7,"GUANICO","7-7-8"
corregimiento_pa_7-7-9,odoopanama_org_vat.district_pa_7-7,"LA TRONOSA","7-7-9"
corregimiento_pa_7-7-10,odoopanama_org_vat.district_pa_7-7,"CAMBUTAL","7-7-10"
corregimiento_pa_7-7-11,odoopanama_org_vat.district_pa_7-7,"ISLA DE CAQAS","7-7-11"
corregimiento_pa_8-2-1,odoopanama_org_vat.district_pa_8-2,"SAN MIGUEL (CABECERA)","8-2-1"
corregimiento_pa_8-2-2,odoopanama_org_vat.district_pa_8-2,"LA ENSENADA","8-2-2"
corregimiento_pa_8-2-3,odoopanama_org_vat.district_pa_8-2,"LA ESMERALDA","8-2-3"
corregimiento_pa_8-2-4,odoopanama_org_vat.district_pa_8-2,"LA GUINEA","8-2-4"
corregimiento_pa_8-2-5,odoopanama_org_vat.district_pa_8-2,"PEDRO GONZALEZ","8-2-5"
corregimiento_pa_8-2-6,odoopanama_org_vat.district_pa_8-2,"SABOGA","8-2-6"
corregimiento_pa_8-5-1,odoopanama_org_vat.district_pa_8-5,"CHEPO (CABECERA)","8-5-1"
corregimiento_pa_8-5-2,odoopanama_org_vat.district_pa_8-5,"CAÑITA","8-5-2"
corregimiento_pa_8-5-3,odoopanama_org_vat.district_pa_8-5,"CHEPILLO","8-5-3"
corregimiento_pa_8-5-4,odoopanama_org_vat.district_pa_8-5,"EL LLANO","8-5-4"
corregimiento_pa_8-5-5,odoopanama_org_vat.district_pa_8-5,"LAS MARGARITAS","8-5-5"
corregimiento_pa_8-5-6,odoopanama_org_vat.district_pa_8-5,"SANTA CRUZ DE CHININA","8-5-6"
corregimiento_pa_8-5-7,odoopanama_org_vat.district_pa_8-5,"COMARCA KUNA DE MADUNGANDI","8-5-7"
corregimiento_pa_8-5-8,odoopanama_org_vat.district_pa_8-5,"TORTI","8-5-8"
corregimiento_pa_8-6-1,odoopanama_org_vat.district_pa_8-6,"CHIMAN (CABECERA)","8-6-1"
corregimiento_pa_8-6-2,odoopanama_org_vat.district_pa_8-6,"BRUJAS","8-6-2"
corregimiento_pa_8-6-3,odoopanama_org_vat.district_pa_8-6,"GONZALO VASQUEZ","8-6-3"
corregimiento_pa_8-6-4,odoopanama_org_vat.district_pa_8-6,"PASIGA","8-6-4"
corregimiento_pa_8-6-5,odoopanama_org_vat.district_pa_8-6,"UNION SANTEÑA","8-6-5"
corregimiento_pa_8-8-1,odoopanama_org_vat.district_pa_8-8,"SAN FELIPE","8-8-1"
corregimiento_pa_8-8-2,odoopanama_org_vat.district_pa_8-8,"EL CHORRILLO","8-8-2"
corregimiento_pa_8-8-3,odoopanama_org_vat.district_pa_8-8,"SANTA ANA","8-8-3"
corregimiento_pa_8-8-4,odoopanama_org_vat.district_pa_8-8,"LA EXPOSICION O CALIDONIA","8-8-4"
corregimiento_pa_8-8-5,odoopanama_org_vat.district_pa_8-8,"CURUNDU","8-8-5"
corregimiento_pa_8-8-6,odoopanama_org_vat.district_pa_8-8,"BETANIA","8-8-6"
corregimiento_pa_8-8-7,odoopanama_org_vat.district_pa_8-8,"BELLA VISTA","8-8-7"
corregimiento_pa_8-8-8,odoopanama_org_vat.district_pa_8-8,"PUEBLO NUEVO","8-8-8"
corregimiento_pa_8-8-9,odoopanama_org_vat.district_pa_8-8,"SAN FRANCISCO","8-8-9"
corregimiento_pa_8-8-10,odoopanama_org_vat.district_pa_8-8,"PARQUE LEFEVRE","8-8-10"
corregimiento_pa_8-8-11,odoopanama_org_vat.district_pa_8-8,"RIO ABAJO","8-8-11"
corregimiento_pa_8-8-12,odoopanama_org_vat.district_pa_8-8,"JUAN DIAZ","8-8-12"
corregimiento_pa_8-8-13,odoopanama_org_vat.district_pa_8-8,"PEDREGAL","8-8-13"
corregimiento_pa_8-8-14,odoopanama_org_vat.district_pa_8-8,"ANCON","8-8-14"
corregimiento_pa_8-8-15,odoopanama_org_vat.district_pa_8-8,"CHILIBRE","8-8-15"
corregimiento_pa_8-8-16,odoopanama_org_vat.district_pa_8-8,"LAS CUMBRES","8-8-16"
corregimiento_pa_8-8-17,odoopanama_org_vat.district_pa_8-8,"PACORA","8-8-17"
corregimiento_pa_8-8-18,odoopanama_org_vat.district_pa_8-8,"SAN MARTIN","8-8-18"
corregimiento_pa_8-8-19,odoopanama_org_vat.district_pa_8-8,"TOCUMEN","8-8-19"
corregimiento_pa_8-8-20,odoopanama_org_vat.district_pa_8-8,"LAS MAQANITAS","8-8-20"
corregimiento_pa_8-8-21,odoopanama_org_vat.district_pa_8-8,"24 DE DICIEMBRE","8-8-21"
corregimiento_pa_8-8-22,odoopanama_org_vat.district_pa_8-8,"ERNESTO CORDOBA CAMPOS","8-8-22"
corregimiento_pa_8-8-23,odoopanama_org_vat.district_pa_8-8,"ALCALDE DIAZ","8-8-23"
corregimiento_pa_8-8-24,odoopanama_org_vat.district_pa_8-8,"CAIMITILLO","8-8-24"
corregimiento_pa_8-8-25,odoopanama_org_vat.district_pa_8-8,"DON BOSCO","8-8-25"
corregimiento_pa_8-8-26,odoopanama_org_vat.district_pa_8-8,"LAS GARZAS","8-8-26"
corregimiento_pa_8-10-1,odoopanama_org_vat.district_pa_8-10,"AMELIA DENIS DE ICAZA","8-10-1"
corregimiento_pa_8-10-2,odoopanama_org_vat.district_pa_8-10,"BELISARIO PORRAS","8-10-2"
corregimiento_pa_8-10-3,odoopanama_org_vat.district_pa_8-10,"JOSE DOMINGO ESPINAR","8-10-3"
corregimiento_pa_8-10-4,odoopanama_org_vat.district_pa_8-10,"MATEO ITURRALDE","8-10-4"
corregimiento_pa_8-10-5,odoopanama_org_vat.district_pa_8-10,"VICTORIANO LORENZO","8-10-5"
corregimiento_pa_8-10-6,odoopanama_org_vat.district_pa_8-10,"ARNULFO ARIAS","8-10-6"
corregimiento_pa_8-10-7,odoopanama_org_vat.district_pa_8-10,"BELISARIO FRIAS","8-10-7"
corregimiento_pa_8-10-8,odoopanama_org_vat.district_pa_8-10,"OMAR TORRIJOS","8-10-8"
corregimiento_pa_8-10-9,odoopanama_org_vat.district_pa_8-10,"RUFINA ALFARO","8-10-9"
corregimiento_pa_8-11-1,odoopanama_org_vat.district_pa_8-11,"TABOGA (CABECERA)","8-11-1"
corregimiento_pa_8-11-2,odoopanama_org_vat.district_pa_8-11,"OTOQUE ORIENTE","8-11-2"
corregimiento_pa_8-11-3,odoopanama_org_vat.district_pa_8-11,"OTOQUE OCCIDENTE","8-11-3"
corregimiento_pa_9-1-1,odoopanama_org_vat.district_pa_9-1,"ATALAYA (CABECERA)","9-1-1"
corregimiento_pa_9-1-2,odoopanama_org_vat.district_pa_9-1,"EL BARRITO","9-1-2"
corregimiento_pa_9-1-3,odoopanama_org_vat.district_pa_9-1,"LA MONTAÑUELA","9-1-3"
corregimiento_pa_9-1-4,odoopanama_org_vat.district_pa_9-1,"LA CARRILLO","9-1-4"
corregimiento_pa_9-1-5,odoopanama_org_vat.district_pa_9-1,"SAN ANTONIO","9-1-5"
corregimiento_pa_9-2-1,odoopanama_org_vat.district_pa_9-2,"CALOBRE (CABECERA)","9-2-1"
corregimiento_pa_9-2-2,odoopanama_org_vat.district_pa_9-2,"BARNIZAL","9-2-2"
corregimiento_pa_9-2-3,odoopanama_org_vat.district_pa_9-2,"CHITRA","9-2-3"
corregimiento_pa_9-2-4,odoopanama_org_vat.district_pa_9-2,"EL COCLA","9-2-4"
corregimiento_pa_9-2-5,odoopanama_org_vat.district_pa_9-2,"EL POTRERO","9-2-5"
corregimiento_pa_9-2-6,odoopanama_org_vat.district_pa_9-2,"LA LAGUNA","9-2-6"
corregimiento_pa_9-2-7,odoopanama_org_vat.district_pa_9-2,"LA RAYA DE CALOBRE","9-2-7"
corregimiento_pa_9-2-8,odoopanama_org_vat.district_pa_9-2,"LA TETILLA","9-2-8"
corregimiento_pa_9-2-9,odoopanama_org_vat.district_pa_9-2,"LA YEGUADA","9-2-9"
corregimiento_pa_9-2-10,odoopanama_org_vat.district_pa_9-2,"LAS GUIAS","9-2-10"
corregimiento_pa_9-2-11,odoopanama_org_vat.district_pa_9-2,"MONJARAS","9-2-11"
corregimiento_pa_9-2-12,odoopanama_org_vat.district_pa_9-2,"SAN JOSE","9-2-12"
corregimiento_pa_9-3-1,odoopanama_org_vat.district_pa_9-3,"CAÑAZAS (CABECERA)","9-3-1"
corregimiento_pa_9-3-2,odoopanama_org_vat.district_pa_9-3,"CERRO PLATA","9-3-2"
corregimiento_pa_9-3-3,odoopanama_org_vat.district_pa_9-3,"EL PICADOR","9-3-3"
corregimiento_pa_9-3-4,odoopanama_org_vat.district_pa_9-3,"LOS VALLES","9-3-4"
corregimiento_pa_9-3-5,odoopanama_org_vat.district_pa_9-3,"SAN JOSE","9-3-5"
corregimiento_pa_9-3-6,odoopanama_org_vat.district_pa_9-3,"SAN MARCELO","9-3-6"
corregimiento_pa_9-3-7,odoopanama_org_vat.district_pa_9-3,"EL AROMILLO","9-3-7"
corregimiento_pa_9-4-1,odoopanama_org_vat.district_pa_9-4,"LA MESA (CABECERA)","9-4-1"
corregimiento_pa_9-4-2,odoopanama_org_vat.district_pa_9-4,"BISVALLES","9-4-2"
corregimiento_pa_9-4-3,odoopanama_org_vat.district_pa_9-4,"BORO","9-4-3"
corregimiento_pa_9-4-4,odoopanama_org_vat.district_pa_9-4,"LLANO GRANDE","9-4-4"
corregimiento_pa_9-4-5,odoopanama_org_vat.district_pa_9-4,"SAN BARTOLO","9-4-5"
corregimiento_pa_9-4-6,odoopanama_org_vat.district_pa_9-4,"LOS MILAGROS","9-4-6"
corregimiento_pa_9-5-1,odoopanama_org_vat.district_pa_9-5,"LAS PALMAS (CABECERA)","9-5-1"
corregimiento_pa_9-5-2,odoopanama_org_vat.district_pa_9-5,"CERRO DE CASA","9-5-2"
corregimiento_pa_9-5-3,odoopanama_org_vat.district_pa_9-5,"COROZAL","9-5-3"
corregimiento_pa_9-5-4,odoopanama_org_vat.district_pa_9-5,"EL MARIA","9-5-4"
corregimiento_pa_9-5-5,odoopanama_org_vat.district_pa_9-5,"EL PRADO","9-5-5"
corregimiento_pa_9-5-6,odoopanama_org_vat.district_pa_9-5,"EL RINCON","9-5-6"
corregimiento_pa_9-5-7,odoopanama_org_vat.district_pa_9-5,"LOLA","9-5-7"
corregimiento_pa_9-5-8,odoopanama_org_vat.district_pa_9-5,"PIXVAE","9-5-8"
corregimiento_pa_9-5-9,odoopanama_org_vat.district_pa_9-5,"PUERTO VIDAL","9-5-9"
corregimiento_pa_9-5-10,odoopanama_org_vat.district_pa_9-5,"SAN MARTIN DE PORRES","9-5-10"
corregimiento_pa_9-5-11,odoopanama_org_vat.district_pa_9-5,"VIGUI","9-5-11"
corregimiento_pa_9-5-12,odoopanama_org_vat.district_pa_9-5,"ZAPOTILLO","9-5-12"
corregimiento_pa_9-6-1,odoopanama_org_vat.district_pa_9-6,"MONTIJO (CABECERA)","9-6-1"
corregimiento_pa_9-6-2,odoopanama_org_vat.district_pa_9-6,"ARENAS","9-6-2"
corregimiento_pa_9-6-3,odoopanama_org_vat.district_pa_9-6,"GOBERNADORA","9-6-3"
corregimiento_pa_9-6-4,odoopanama_org_vat.district_pa_9-6,"LA GARCEANA","9-6-4"
corregimiento_pa_9-6-5,odoopanama_org_vat.district_pa_9-6,"LEONES","9-6-5"
corregimiento_pa_9-6-6,odoopanama_org_vat.district_pa_9-6,"CEBACO","9-6-6"
corregimiento_pa_9-6-7,odoopanama_org_vat.district_pa_9-6,"COSTA HERMOSA","9-6-7"
corregimiento_pa_9-6-8,odoopanama_org_vat.district_pa_9-6,"UNION DEL NORTE","9-6-8"
corregimiento_pa_9-6-9,odoopanama_org_vat.district_pa_9-6,"TEBARIO","9-6-9"
corregimiento_pa_9-6-10,odoopanama_org_vat.district_pa_9-6,"EL PILON","9-6-10"
corregimiento_pa_9-7-1,odoopanama_org_vat.district_pa_9-7,"RIO DE JESUS (CABECERA)","9-7-1"
corregimiento_pa_9-7-2,odoopanama_org_vat.district_pa_9-7,"LAS HUACAS","9-7-2"
corregimiento_pa_9-7-3,odoopanama_org_vat.district_pa_9-7,"LOS CASTILLOS","9-7-3"
corregimiento_pa_9-7-4,odoopanama_org_vat.district_pa_9-7,"UTIRA","9-7-4"
corregimiento_pa_9-7-5,odoopanama_org_vat.district_pa_9-7,"CATORCE DE NOVIEMBRE","9-7-5"
corregimiento_pa_9-8-1,odoopanama_org_vat.district_pa_9-8,"SAN FRANCISCO (CABECERA)","9-8-1"
corregimiento_pa_9-8-2,odoopanama_org_vat.district_pa_9-8,"CORRAL FALSO","9-8-2"
corregimiento_pa_9-8-3,odoopanama_org_vat.district_pa_9-8,"LOS HATILLOS","9-8-3"
corregimiento_pa_9-8-4,odoopanama_org_vat.district_pa_9-8,"REMANCE","9-8-4"
corregimiento_pa_9-8-5,odoopanama_org_vat.district_pa_9-8,"SAN JUAN","9-8-5"
corregimiento_pa_9-8-6,odoopanama_org_vat.district_pa_9-8,"SAN JOSE","9-8-6"
corregimiento_pa_9-9-1,odoopanama_org_vat.district_pa_9-9,"SANTA FE (CABECERA)","9-9-1"
corregimiento_pa_9-9-2,odoopanama_org_vat.district_pa_9-9,"CALOVEBORA","9-9-2"
corregimiento_pa_9-9-3,odoopanama_org_vat.district_pa_9-9,"EL ALTO","9-9-3"
corregimiento_pa_9-9-4,odoopanama_org_vat.district_pa_9-9,"EL CUAY","9-9-4"
corregimiento_pa_9-9-5,odoopanama_org_vat.district_pa_9-9,"EL PANTANO","9-9-5"
corregimiento_pa_9-9-6,odoopanama_org_vat.district_pa_9-9,"GATU O GATUCITO","9-9-6"
corregimiento_pa_9-9-7,odoopanama_org_vat.district_pa_9-9,"RIO LUIS","9-9-7"
corregimiento_pa_9-10-1,odoopanama_org_vat.district_pa_9-10,"SANTIAGO (CABECERA)","9-10-1"
corregimiento_pa_9-10-2,odoopanama_org_vat.district_pa_9-10,"LA COLORADA","9-10-2"
corregimiento_pa_9-10-3,odoopanama_org_vat.district_pa_9-10,"LA PEÑA","9-10-3"
corregimiento_pa_9-10-4,odoopanama_org_vat.district_pa_9-10,"LA RAYA DE SANTA MARIA","9-10-4"
corregimiento_pa_9-10-5,odoopanama_org_vat.district_pa_9-10,"PONUGA","9-10-5"
corregimiento_pa_9-10-6,odoopanama_org_vat.district_pa_9-10,"SAN PEDRO DEL ESPINO","9-10-6"
corregimiento_pa_9-10-7,odoopanama_org_vat.district_pa_9-10,"CANTO DEL LLANO","9-10-7"
corregimiento_pa_9-10-8,odoopanama_org_vat.district_pa_9-10,"LOS ALGARROBOS","9-10-8"
corregimiento_pa_9-10-9,odoopanama_org_vat.district_pa_9-10,"CARLOS SANTANA AVILA","9-10-9"
corregimiento_pa_9-10-10,odoopanama_org_vat.district_pa_9-10,"EDWIN FABREGA","9-10-10"
corregimiento_pa_9-10-11,odoopanama_org_vat.district_pa_9-10,"SAN MARTIN DE PORRES","9-10-11"
corregimiento_pa_9-10-12,odoopanama_org_vat.district_pa_9-10,"URRACA","9-10-12"
corregimiento_pa_9-11-1,odoopanama_org_vat.district_pa_9-11,"SONA (CABECERA)","9-11-1"
corregimiento_pa_9-11-2,odoopanama_org_vat.district_pa_9-11,"BAHIA HONDA","9-11-2"
corregimiento_pa_9-11-3,odoopanama_org_vat.district_pa_9-11,"CALIDONIA","9-11-3"
corregimiento_pa_9-11-4,odoopanama_org_vat.district_pa_9-11,"CATIVE","9-11-4"
corregimiento_pa_9-11-5,odoopanama_org_vat.district_pa_9-11,"EL MARAÑON","9-11-5"
corregimiento_pa_9-11-6,odoopanama_org_vat.district_pa_9-11,"GUARUMAL","9-11-6"
corregimiento_pa_9-11-7,odoopanama_org_vat.district_pa_9-11,"LA SOLEDAD","9-11-7"
corregimiento_pa_9-11-8,odoopanama_org_vat.district_pa_9-11,"QUEBRADA DE ORO","9-11-8"
corregimiento_pa_9-11-9,odoopanama_org_vat.district_pa_9-11,"RIO GRANDE","9-11-9"
corregimiento_pa_9-11-10,odoopanama_org_vat.district_pa_9-11,"RODEO VIEJO","9-11-10"
corregimiento_pa_9-12-1,odoopanama_org_vat.district_pa_9-12,"LLANO DE CATIVAL O MARIATO (CABECERA)","9-12-1"
corregimiento_pa_9-12-2,odoopanama_org_vat.district_pa_9-12,"ARENAS","9-12-2"
corregimiento_pa_9-12-3,odoopanama_org_vat.district_pa_9-12,"EL CACAO","9-12-3"
corregimiento_pa_9-12-4,odoopanama_org_vat.district_pa_9-12,"QUEBRO","9-12-4"
corregimiento_pa_9-12-5,odoopanama_org_vat.district_pa_9-12,"TEBARIO","9-12-5"
corregimiento_pa_10-1-1,odoopanama_org_vat.district_pa_10-1,"NARGANA (CABECERA)","10-1-1"
corregimiento_pa_10-1-2,odoopanama_org_vat.district_pa_10-1,"AILIGANDI","10-1-2"
corregimiento_pa_10-1-3,odoopanama_org_vat.district_pa_10-1,"PUERTO OBALDIA","10-1-3"
corregimiento_pa_10-1-4,odoopanama_org_vat.district_pa_10-1,"TUBUALA","10-1-4"
corregimiento_pa_11-1-1,odoopanama_org_vat.district_pa_11-1,"CIRILO GUAINORA (CABECERA)","11-1-1"
corregimiento_pa_11-1-2,odoopanama_org_vat.district_pa_11-1,"LAJAS BLANCAS","11-1-2"
corregimiento_pa_11-1-3,odoopanama_org_vat.district_pa_11-1,"MANUEL ORTEGA","11-1-3"
corregimiento_pa_11-2-1,odoopanama_org_vat.district_pa_11-2,"RIO SABALO","11-2-1"
corregimiento_pa_11-2-2,odoopanama_org_vat.district_pa_11-2,"JINGURUDO","11-2-2"
corregimiento_pa_12-1-1,odoopanama_org_vat.district_pa_12-1,"SOLOY (CABECERA)","12-1-1"
corregimiento_pa_12-1-2,odoopanama_org_vat.district_pa_12-1,"BOCA DE BALSA","12-1-2"
corregimiento_pa_12-1-3,odoopanama_org_vat.district_pa_12-1,"CAMARON ARRIBA","12-1-3"
corregimiento_pa_12-1-4,odoopanama_org_vat.district_pa_12-1,"CERRO BANCO","12-1-4"
corregimiento_pa_12-1-5,odoopanama_org_vat.district_pa_12-1,"CERRO DE PATENA","12-1-5"
corregimiento_pa_12-1-6,odoopanama_org_vat.district_pa_12-1,"EMPLANADA DE CHORCHA","12-1-6"
corregimiento_pa_12-1-7,odoopanama_org_vat.district_pa_12-1,"NAMNONI","12-1-7"
corregimiento_pa_12-1-8,odoopanama_org_vat.district_pa_12-1,"NIBA","12-1-8"
corregimiento_pa_12-2-1,odoopanama_org_vat.district_pa_12-2,"HATO PILON (CABECERA)","12-2-1"
corregimiento_pa_12-2-2,odoopanama_org_vat.district_pa_12-2,"CASCABEL","12-2-2"
corregimiento_pa_12-2-3,odoopanama_org_vat.district_pa_12-2,"HATO COROTU","12-2-3"
corregimiento_pa_12-2-4,odoopanama_org_vat.district_pa_12-2,"HATO CULANTRO","12-2-4"
corregimiento_pa_12-2-5,odoopanama_org_vat.district_pa_12-2,"HATO JOBO","12-2-5"
corregimiento_pa_12-2-6,odoopanama_org_vat.district_pa_12-2,"HATO JULI","12-2-6"
corregimiento_pa_12-2-7,odoopanama_org_vat.district_pa_12-2,"QUEBRADA DE LORO","12-2-7"
corregimiento_pa_12-2-8,odoopanama_org_vat.district_pa_12-2,"SALTO DUPI","12-2-8"
corregimiento_pa_12-3-1,odoopanama_org_vat.district_pa_12-3,"CHICHICA (CABECERA)","12-3-1"
corregimiento_pa_12-3-2,odoopanama_org_vat.district_pa_12-3,"ALTO CABALLERO","12-3-2"
corregimiento_pa_12-3-3,odoopanama_org_vat.district_pa_12-3,"BAKAMA","12-3-3"
corregimiento_pa_12-3-4,odoopanama_org_vat.district_pa_12-3,"CERRO CAÑA","12-3-4"
corregimiento_pa_12-3-5,odoopanama_org_vat.district_pa_12-3,"CERRO PUERCO","12-3-5"
corregimiento_pa_12-3-6,odoopanama_org_vat.district_pa_12-3,"KRUA","12-3-6"
corregimiento_pa_12-3-7,odoopanama_org_vat.district_pa_12-3,"MARACA","12-3-7"
corregimiento_pa_12-3-8,odoopanama_org_vat.district_pa_12-3,"NIBRA","12-3-8"
corregimiento_pa_12-3-9,odoopanama_org_vat.district_pa_12-3,"PEÑA BLANCA","12-3-9"
corregimiento_pa_12-3-10,odoopanama_org_vat.district_pa_12-3,"ROKA","12-3-10"
corregimiento_pa_12-3-11,odoopanama_org_vat.district_pa_12-3,"SITIO PRADO","12-3-11"
corregimiento_pa_12-3-12,odoopanama_org_vat.district_pa_12-3,"UMANI","12-3-12"
corregimiento_pa_12-4-1,odoopanama_org_vat.district_pa_12-4,"CERRO IGLESIAS (CABECERA)","12-4-1"
corregimiento_pa_12-4-2,odoopanama_org_vat.district_pa_12-4,"HATO CHAMI","12-4-2"
corregimiento_pa_12-4-3,odoopanama_org_vat.district_pa_12-4,"JADEBERI","12-4-3"
corregimiento_pa_12-4-4,odoopanama_org_vat.district_pa_12-4,"LAJERO","12-4-4"
corregimiento_pa_12-4-5,odoopanama_org_vat.district_pa_12-4,"SUSAMA","12-4-5"
corregimiento_pa_12-5-1,odoopanama_org_vat.district_pa_12-5,"BUENOS AIRES (CABECERA)","12-5-1"
corregimiento_pa_12-5-2,odoopanama_org_vat.district_pa_12-5,"AGUA DE SALUD","12-5-2"
corregimiento_pa_12-5-3,odoopanama_org_vat.district_pa_12-5,"ALTO DE JESUS","12-5-3"
corregimiento_pa_12-5-4,odoopanama_org_vat.district_pa_12-5,"CERRO PELADO","12-5-4"
corregimiento_pa_12-5-5,odoopanama_org_vat.district_pa_12-5,"EL BALE","12-5-5"
corregimiento_pa_12-5-6,odoopanama_org_vat.district_pa_12-5,"EL PAREDON","12-5-6"
corregimiento_pa_12-5-7,odoopanama_org_vat.district_pa_12-5,"EL PIRO","12-5-7"
corregimiento_pa_12-5-8,odoopanama_org_vat.district_pa_12-5,"GUAYABITO","12-5-8"
corregimiento_pa_12-5-9,odoopanama_org_vat.district_pa_12-5,"GUIBALE","12-5-9"
corregimiento_pa_12-6-1,odoopanama_org_vat.district_pa_12-6,"BISIRA (CABECERA)","12-6-1"
corregimiento_pa_12-6-2,odoopanama_org_vat.district_pa_12-6,"BURI","12-6-2"
corregimiento_pa_12-6-3,odoopanama_org_vat.district_pa_12-6,"GUARIVIARA","12-6-3"
corregimiento_pa_12-6-4,odoopanama_org_vat.district_pa_12-6,"GUORONI","12-6-4"
corregimiento_pa_12-6-5,odoopanama_org_vat.district_pa_12-6,"KANKINTU","12-6-5"
corregimiento_pa_12-6-6,odoopanama_org_vat.district_pa_12-6,"MUNUNI","12-6-6"
corregimiento_pa_12-6-7,odoopanama_org_vat.district_pa_12-6,"PIEDRA ROJA","12-6-7"
corregimiento_pa_12-6-8,odoopanama_org_vat.district_pa_12-6,"TUWAI","12-6-8"
corregimiento_pa_12-6-9,odoopanama_org_vat.district_pa_12-6,"MAN CREEK","12-6-9"
corregimiento_pa_12-7-1,odoopanama_org_vat.district_pa_12-7,"KUSAPIN (CABECERA)","12-7-1"
corregimiento_pa_12-7-2,odoopanama_org_vat.district_pa_12-7,"BAHIA AZUL","12-7-2"
corregimiento_pa_12-7-3,odoopanama_org_vat.district_pa_12-7,"CALOVEBORA O SANTA CATALINA","12-7-3"
corregimiento_pa_12-7-4,odoopanama_org_vat.district_pa_12-7,"LOMA YUCA","12-7-4"
corregimiento_pa_12-7-5,odoopanama_org_vat.district_pa_12-7,"RIO CHIRIQUI","12-7-5"
corregimiento_pa_12-7-6,odoopanama_org_vat.district_pa_12-7,"TOBOBE","12-7-6"
corregimiento_pa_12-7-7,odoopanama_org_vat.district_pa_12-7,"VALLE BONITO","12-7-7"
corregimiento_pa_13-1-1,odoopanama_org_vat.district_pa_13-1,"ARRAIJAN (CABECERA)","13-1-1"
corregimiento_pa_13-1-2,odoopanama_org_vat.district_pa_13-1,"BURUNGA","13-1-2"
corregimiento_pa_13-1-3,odoopanama_org_vat.district_pa_13-1,"CERRO SILVESTRE","13-1-3"
corregimiento_pa_13-1-4,odoopanama_org_vat.district_pa_13-1,"JUAN DEMOSTENES AROSEMENA","13-1-4"
corregimiento_pa_13-1-5,odoopanama_org_vat.district_pa_13-1,"NUEVO EMPERADOR","13-1-5"
corregimiento_pa_13-1-6,odoopanama_org_vat.district_pa_13-1,"SANTA CLARA","13-1-6"
corregimiento_pa_13-1-7,odoopanama_org_vat.district_pa_13-1,"VERACRUZ","13-1-7"
corregimiento_pa_13-1-8,odoopanama_org_vat.district_pa_13-1,"VISTA ALEGRE","13-1-8"
corregimiento_pa_13-2-1,odoopanama_org_vat.district_pa_13-2,"CAPIRA (CABECERA)","13-2-1"
corregimiento_pa_13-2-2,odoopanama_org_vat.district_pa_13-2,"CAIMITO","13-2-2"
corregimiento_pa_13-2-3,odoopanama_org_vat.district_pa_13-2,"CAMPANA","13-2-3"
corregimiento_pa_13-2-4,odoopanama_org_vat.district_pa_13-2,"CERMEÑO","13-2-4"
corregimiento_pa_13-2-5,odoopanama_org_vat.district_pa_13-2,"CIRI DE LOS SOTOS","13-2-5"
corregimiento_pa_13-2-6,odoopanama_org_vat.district_pa_13-2,"CIRI GRANDE","13-2-6"
corregimiento_pa_13-2-7,odoopanama_org_vat.district_pa_13-2,"EL CACAO","13-2-7"
corregimiento_pa_13-2-8,odoopanama_org_vat.district_pa_13-2,"LA TRINIDAD","13-2-8"
corregimiento_pa_13-2-9,odoopanama_org_vat.district_pa_13-2,"LAS OLLAS ARRIBA","13-2-9"
corregimiento_pa_13-2-10,odoopanama_org_vat.district_pa_13-2,"LIDICE","13-2-10"
corregimiento_pa_13-2-11,odoopanama_org_vat.district_pa_13-2,"VILLA CARMEN","13-2-11"
corregimiento_pa_13-2-12,odoopanama_org_vat.district_pa_13-2,"VILLA ROSARIO","13-2-12"
corregimiento_pa_13-2-13,odoopanama_org_vat.district_pa_13-2,"SANTA ROSA","13-2-13"
corregimiento_pa_13-3-1,odoopanama_org_vat.district_pa_13-3,"CHAME (CABECERA)","13-3-1"
corregimiento_pa_13-3-2,odoopanama_org_vat.district_pa_13-3,"BEJUCO","13-3-2"
corregimiento_pa_13-3-3,odoopanama_org_vat.district_pa_13-3,"BUENOS AIRES","13-3-3"
corregimiento_pa_13-3-4,odoopanama_org_vat.district_pa_13-3,"CABUYA","13-3-4"
corregimiento_pa_13-3-5,odoopanama_org_vat.district_pa_13-3,"CHICA","13-3-5"
corregimiento_pa_13-3-6,odoopanama_org_vat.district_pa_13-3,"EL LIBANO","13-3-6"
corregimiento_pa_13-3-7,odoopanama_org_vat.district_pa_13-3,"LAS LAJAS","13-3-7"
corregimiento_pa_13-3-8,odoopanama_org_vat.district_pa_13-3,"NUEVA GORGONA","13-3-8"
corregimiento_pa_13-3-9,odoopanama_org_vat.district_pa_13-3,"PUNTA CHAME","13-3-9"
corregimiento_pa_13-3-10,odoopanama_org_vat.district_pa_13-3,"SAJALICES","13-3-10"
corregimiento_pa_13-3-11,odoopanama_org_vat.district_pa_13-3,"SORA","13-3-11"
corregimiento_pa_13-4-1,odoopanama_org_vat.district_pa_13-4,"BARRIO BALBOA","13-4-1"
corregimiento_pa_13-4-2,odoopanama_org_vat.district_pa_13-4,"BARRIO COLON","13-4-2"
corregimiento_pa_13-4-3,odoopanama_org_vat.district_pa_13-4,"AMADOR","13-4-3"
corregimiento_pa_13-4-4,odoopanama_org_vat.district_pa_13-4,"AROSEMENA","13-4-4"
corregimiento_pa_13-4-5,odoopanama_org_vat.district_pa_13-4,"EL ARADO","13-4-5"
corregimiento_pa_13-4-6,odoopanama_org_vat.district_pa_13-4,"EL COCO","13-4-6"
corregimiento_pa_13-4-7,odoopanama_org_vat.district_pa_13-4,"FEUILLET","13-4-7"
corregimiento_pa_13-4-8,odoopanama_org_vat.district_pa_13-4,"GUADALUPE","13-4-8"
corregimiento_pa_13-4-9,odoopanama_org_vat.district_pa_13-4,"HERRERA","13-4-9"
corregimiento_pa_13-4-10,odoopanama_org_vat.district_pa_13-4,"HURTADO","13-4-10"
corregimiento_pa_13-4-11,odoopanama_org_vat.district_pa_13-4,"ITURRALDE","13-4-11"
corregimiento_pa_13-4-12,odoopanama_org_vat.district_pa_13-4,"LA REPRESA","13-4-12"
corregimiento_pa_13-4-13,odoopanama_org_vat.district_pa_13-4,"LOS DIAZ","13-4-13"
corregimiento_pa_13-4-14,odoopanama_org_vat.district_pa_13-4,"MENDOZA","13-4-14"
corregimiento_pa_13-4-15,odoopanama_org_vat.district_pa_13-4,"OBALDIA","13-4-15"
corregimiento_pa_13-4-16,odoopanama_org_vat.district_pa_13-4,"PLAYA LEONA","13-4-16"
corregimiento_pa_13-4-17,odoopanama_org_vat.district_pa_13-4,"PUERTO CAIMITO","13-4-17"
corregimiento_pa_13-4-18,odoopanama_org_vat.district_pa_13-4,"SANTA RITA","13-4-18"
corregimiento_pa_13-5-1,odoopanama_org_vat.district_pa_13-5,"SAN CARLOS (CABECERA)","13-5-1"
corregimiento_pa_13-5-2,odoopanama_org_vat.district_pa_13-5,"EL ESPINO","13-5-2"
corregimiento_pa_13-5-3,odoopanama_org_vat.district_pa_13-5,"EL HIGO","13-5-3"
corregimiento_pa_13-5-4,odoopanama_org_vat.district_pa_13-5,"GUAYABITO","13-5-4"
corregimiento_pa_13-5-5,odoopanama_org_vat.district_pa_13-5,"LA ERMITA","13-5-5"
corregimiento_pa_13-5-6,odoopanama_org_vat.district_pa_13-5,"LA LAGUNA","13-5-6"
corregimiento_pa_13-5-7,odoopanama_org_vat.district_pa_13-5,"LAS UVAS","13-5-7"
corregimiento_pa_13-5-8,odoopanama_org_vat.district_pa_13-5,"LOS LLANITOS","13-5-8"
corregimiento_pa_13-5-9,odoopanama_org_vat.district_pa_13-5,"SAN JOSE","13-5-9"